Edad,Salario,Horas_trabajo,Condicion_salud,Genero,Departamento,Nivel_educativo,Satisfaccion_laboral,Promocion
Adulto,,32.97,nan,nan,Marketing,Secundario,,0
Mayor,29969.83,39.58,Sano,Mujer,TI,Postgrado,4.0,0
nan,55702.97,32.48,Sano,Mujer,Marketing,nan,3.0,0
Adulto,59158.79,43.8,Sano,Mujer,TI,Postgrado,3.0,0
nan,58396.86,40.41,nan,Mujer,RRHH,nan,1.0,0
nan,66211.71,32.71,nan,Mujer,RRHH,Postgrado,1.0,0
Joven,62508.83,38.45,Sano,Mujer,nan,Secundario,2.0,0
Mayor,56887.7,36.24,nan,Hombre,TI,nan,3.0,0
Adulto,48947.51,41.6,Sano,Mujer,Ventas,Secundario,5.0,0
Mayor,25085.59,46.7,Sano,Mujer,RRHH,Universitario,4.0,1
nan,56444.27,30.62,Sano,Mujer,Marketing,Universitario,3.0,0
Mayor,53115.32,40.58,Enfermo,nan,nan,Secundario,2.0,0
nan,54073.68,39.2,nan,Mujer,nan,Universitario,2.0,0
nan,30848.77,43.36,Sano,Mujer,Marketing,Postgrado,3.0,0
Joven,33784.15,41.07,nan,nan,RRHH,nan,3.0,0
nan,65797.29,36.24,nan,Hombre,Marketing,nan,3.0,1
Adulto,49406.67,38.4,Sano,Mujer,Marketing,Postgrado,2.0,0
Adulto,60222.51,36.02,Sano,Hombre,nan,Postgrado,,0
nan,50424.78,45.38,Sano,Hombre,Ventas,Universitario,1.0,1
nan,,,Sano,Hombre,RRHH,Universitario,,0
Adulto,,49.51,Enfermo,Hombre,nan,Secundario,4.0,0
Joven,42259.33,,Sano,Mujer,Ventas,Postgrado,2.0,0
Adulto,51441.81,36.46,Sano,Mujer,nan,Secundario,3.0,0
nan,43065.87,,Sano,Hombre,RRHH,nan,,0
Adulto,43482.56,30.98,Sano,Mujer,Ventas,Postgrado,5.0,0
Mayor,45362.42,32.08,nan,Mujer,TI,Secundario,5.0,0
Joven,53332.01,41.34,Sano,nan,nan,Secundario,4.0,0
Adulto,42818.77,42.54,Sano,nan,nan,Secundario,1.0,0
Adulto,68836.34,32.09,Sano,Hombre,RRHH,Secundario,,0
nan,36580.89,44.48,Sano,Hombre,Ventas,Secundario,4.0,0
Adulto,47196.93,37.58,Sano,Hombre,TI,Postgrado,1.0,0
Joven,43404.03,40.73,Enfermo,Mujer,Marketing,Secundario,4.0,0
nan,71704.67,48.06,Sano,Hombre,Marketing,Postgrado,,0
Mayor,52948.32,44.48,nan,Mujer,Ventas,nan,3.0,0
Mayor,65477.67,38.66,nan,Mujer,TI,Universitario,1.0,0
Mayor,27716.59,,Sano,Hombre,Marketing,Universitario,1.0,0
Adulto,54005.75,29.24,Sano,Mujer,RRHH,Secundario,3.0,0
Joven,63344.46,36.4,Sano,Mujer,nan,nan,,0
Adulto,51234.26,38.94,Sano,Mujer,Marketing,Postgrado,4.0,0
Adulto,65982.21,35.06,Enfermo,Hombre,TI,Secundario,4.0,0
nan,42240.67,39.34,nan,Mujer,Ventas,Postgrado,2.0,0
Adulto,71140.21,40.38,Sano,Hombre,TI,Secundario,5.0,0
Joven,84483.47,38.88,Enfermo,Mujer,nan,Universitario,3.0,1
Mayor,44557.42,36.75,Enfermo,Hombre,nan,Postgrado,2.0,0
Adulto,43317.46,40.84,Enfermo,Hombre,nan,nan,4.0,0
Adulto,71800.77,42.21,nan,nan,RRHH,Universitario,4.0,0
Adulto,,34.55,Sano,Mujer,Marketing,Secundario,4.0,0
Adulto,,,nan,Mujer,Ventas,Postgrado,5.0,0
Adulto,,39.51,Sano,nan,TI,Universitario,,0
Joven,45773.23,40.09,nan,Hombre,RRHH,nan,5.0,0
nan,,43.54,Sano,nan,nan,Secundario,3.0,0
nan,36220.22,41.17,Enfermo,nan,nan,Secundario,4.0,0
Mayor,34937.89,44.77,Sano,nan,nan,Universitario,5.0,1
nan,38483.04,41.44,Enfermo,Hombre,TI,Secundario,4.0,0
Adulto,49479.73,36.94,nan,nan,nan,Postgrado,2.0,0
Mayor,53513.22,41.81,Sano,Hombre,RRHH,Postgrado,4.0,0
Joven,73257.51,34.28,Sano,nan,Ventas,Universitario,4.0,0
Joven,35024.69,40.54,Sano,Mujer,Marketing,Postgrado,2.0,0
Joven,64764.84,39.83,Sano,Hombre,Ventas,Secundario,5.0,0
Adulto,46790.17,38.96,nan,Hombre,Marketing,Universitario,2.0,0
Adulto,49258.04,,Enfermo,Mujer,TI,nan,2.0,0
Adulto,60122.29,,Sano,nan,nan,nan,5.0,0
Mayor,33159.17,,nan,Mujer,RRHH,Universitario,3.0,0
nan,55736.15,40.46,Sano,Mujer,Marketing,Secundario,1.0,0
nan,52496.78,,Sano,nan,TI,Postgrado,,0
Adulto,57386.77,34.86,nan,Hombre,RRHH,Postgrado,4.0,0
Joven,54337.53,46.33,Sano,Hombre,RRHH,nan,1.0,0
Mayor,86829.5,35.67,Sano,Mujer,Ventas,Secundario,5.0,0
Joven,40433.9,44.85,Sano,Mujer,RRHH,Secundario,4.0,0
Mayor,,42.14,Sano,nan,TI,Universitario,4.0,0
Mayor,,,Sano,Mujer,Ventas,Postgrado,4.0,0
Joven,41667.84,48.88,nan,Hombre,Marketing,nan,4.0,0
Joven,40439.19,34.03,Sano,nan,Marketing,Postgrado,3.0,0
nan,67835.25,44.6,Sano,Mujer,TI,Postgrado,3.0,0
Mayor,71307.56,45.0,Sano,Hombre,TI,Universitario,4.0,0
nan,41438.81,36.65,Sano,Hombre,nan,Universitario,5.0,0
Mayor,,46.96,nan,Hombre,Ventas,Postgrado,,0
Joven,57071.23,38.75,Sano,nan,TI,Secundario,4.0,0
Adulto,41716.65,41.44,nan,Hombre,TI,nan,5.0,0
Joven,59493.98,41.3,Enfermo,Mujer,Marketing,Universitario,2.0,0
Mayor,53043.85,39.33,Sano,nan,nan,Postgrado,1.0,0
Adulto,27263.84,,Sano,Mujer,Marketing,Secundario,3.0,0
Adulto,73212.58,43.97,nan,Mujer,TI,Secundario,4.0,0
Joven,76938.17,31.26,Sano,Mujer,RRHH,Universitario,2.0,0
Adulto,40808.17,46.52,Sano,Mujer,TI,Postgrado,3.0,0
Adulto,44184.48,,Sano,Mujer,TI,Secundario,4.0,0
Mayor,54287.98,45.16,nan,Hombre,nan,Universitario,4.0,0
Adulto,55016.85,,Enfermo,Hombre,nan,Secundario,3.0,0
Mayor,59878.16,,Sano,nan,Ventas,Secundario,3.0,0
Adulto,,37.95,Sano,Hombre,nan,Secundario,4.0,0
Joven,47345.79,34.47,Sano,Hombre,TI,Universitario,5.0,0
Mayor,38025.54,,Sano,Hombre,TI,Postgrado,5.0,0
Mayor,29310.21,,Sano,Mujer,TI,Universitario,4.0,0
Adulto,39036.05,,Enfermo,Hombre,RRHH,nan,3.0,0
Mayor,49503.1,46.55,Sano,Hombre,TI,Secundario,3.0,0
Adulto,,46.98,nan,Hombre,Ventas,Postgrado,2.0,0
Adulto,42235.83,,Sano,Mujer,Ventas,Secundario,2.0,0
Adulto,,38.95,nan,Mujer,TI,Secundario,4.0,0
Joven,49753.66,31.58,Sano,Hombre,Marketing,Universitario,3.0,0
Joven,,35.97,Sano,Mujer,RRHH,nan,3.0,1
Joven,87903.99,44.82,nan,nan,TI,Universitario,5.0,1
Adulto,,48.08,nan,Mujer,TI,Postgrado,2.0,0
Adulto,42658.41,33.83,Sano,Hombre,TI,Postgrado,,1
Adulto,65662.41,37.04,Sano,Hombre,Marketing,Secundario,,1
Mayor,60228.37,39.87,Sano,nan,Marketing,Universitario,4.0,0
Adulto,,41.4,nan,Hombre,Marketing,nan,4.0,0
Adulto,58758.92,35.95,nan,Mujer,RRHH,nan,3.0,0
Mayor,44610.62,42.12,Sano,Hombre,Ventas,Universitario,4.0,0
nan,58859.82,37.63,Sano,Hombre,RRHH,Universitario,4.0,0
Joven,66630.55,39.93,nan,Hombre,Marketing,Postgrado,5.0,0
Adulto,62307.23,42.73,Sano,Hombre,Ventas,Universitario,5.0,0
Joven,57609.11,40.03,Enfermo,Mujer,Ventas,nan,5.0,0
Mayor,66000.12,,Sano,nan,Marketing,Universitario,,0
Mayor,67539.43,39.45,nan,Mujer,nan,Postgrado,2.0,0
Adulto,70732.38,39.56,Sano,nan,RRHH,Postgrado,1.0,0
Mayor,,,Sano,Hombre,nan,Postgrado,1.0,0
Mayor,,,Sano,Hombre,Ventas,Secundario,4.0,0
Joven,52200.71,47.99,Sano,Mujer,TI,Universitario,5.0,0
Mayor,68097.63,42.8,Sano,Hombre,Marketing,Secundario,4.0,0
Adulto,,,Enfermo,Mujer,Marketing,Universitario,1.0,0
Mayor,55530.1,,Sano,Mujer,nan,Universitario,4.0,0
Mayor,44099.92,38.33,Sano,Hombre,RRHH,Secundario,,0
nan,50431.17,45.87,Enfermo,Mujer,Marketing,nan,4.0,0
Joven,69176.78,41.85,Sano,nan,Ventas,nan,5.0,0
Adulto,,39.46,Sano,nan,nan,Postgrado,,0
Adulto,50696.55,42.24,Sano,Mujer,TI,Secundario,5.0,0
Mayor,29602.16,32.15,Sano,Hombre,Marketing,Postgrado,4.0,0
Mayor,61193.8,34.37,Sano,Mujer,RRHH,Universitario,4.0,0
Joven,59682.26,34.03,Sano,Mujer,Ventas,nan,2.0,0
Adulto,,40.71,Enfermo,Hombre,TI,Universitario,1.0,0
Adulto,45383.33,48.66,Sano,Mujer,Marketing,Secundario,,0
Adulto,53287.25,51.16,Sano,Hombre,Ventas,Universitario,2.0,0
Joven,,43.19,nan,Mujer,Marketing,Secundario,5.0,0
Adulto,73661.8,,Sano,Hombre,Marketing,nan,,0
Mayor,,30.99,Sano,Hombre,nan,Universitario,5.0,0
Adulto,54185.32,37.29,nan,Hombre,nan,nan,3.0,0
nan,,,Enfermo,Mujer,Ventas,Universitario,3.0,0
Mayor,52799.14,36.9,Sano,Hombre,Marketing,Postgrado,5.0,0
Adulto,43303.5,,Sano,Hombre,Marketing,Universitario,3.0,0
Mayor,52911.35,37.64,nan,nan,TI,nan,3.0,0
Mayor,,30.1,Sano,Mujer,RRHH,Postgrado,2.0,0
Adulto,34602.27,43.74,nan,Hombre,Marketing,Postgrado,4.0,0
Adulto,51994.55,34.64,Sano,Hombre,RRHH,Postgrado,3.0,0
nan,39498.19,41.2,nan,nan,Ventas,nan,4.0,0
Adulto,,50.37,Sano,Mujer,Marketing,Postgrado,4.0,0
Joven,27152.2,35.4,nan,Hombre,TI,Secundario,4.0,1
Adulto,,27.35,Sano,Mujer,TI,Postgrado,,0
Adulto,,38.57,Sano,Hombre,RRHH,nan,4.0,0
Joven,,,nan,Hombre,Ventas,Postgrado,3.0,0
nan,49013.75,,Sano,Hombre,RRHH,Postgrado,5.0,0
nan,41672.01,,Sano,nan,Ventas,Postgrado,3.0,0
nan,78217.36,42.48,Sano,Mujer,TI,Postgrado,,0
Joven,28279.79,,nan,Hombre,RRHH,Postgrado,3.0,0
Adulto,,,Sano,Mujer,TI,Secundario,5.0,0
Mayor,56600.22,53.22,Sano,Hombre,TI,Secundario,3.0,0
Adulto,42469.19,32.49,Sano,nan,Ventas,Postgrado,3.0,0
Adulto,34681.51,41.27,Enfermo,nan,RRHH,Secundario,4.0,0
Mayor,60625.35,42.34,Sano,Mujer,RRHH,Universitario,4.0,0
Adulto,53657.01,45.43,Sano,Mujer,TI,Postgrado,2.0,0
Mayor,41538.82,40.49,nan,Hombre,TI,Universitario,4.0,0
Adulto,30795.43,41.54,Enfermo,Mujer,Ventas,Universitario,4.0,0
Adulto,63086.86,38.04,Sano,Mujer,Marketing,Postgrado,5.0,0
Adulto,59753.02,,Sano,Mujer,Marketing,Universitario,,0
Adulto,48512.36,38.28,Sano,Mujer,TI,nan,3.0,0
Joven,77699.55,43.11,nan,Mujer,Marketing,Universitario,2.0,0
nan,33948.73,38.15,Sano,Hombre,Marketing,Postgrado,5.0,0
Adulto,27117.12,41.89,Enfermo,Mujer,Marketing,Postgrado,5.0,0
nan,39621.38,39.85,Sano,Mujer,Marketing,Universitario,,0
Joven,49316.21,45.63,Enfermo,Mujer,TI,Postgrado,2.0,0
Adulto,53650.09,39.74,Sano,Hombre,Marketing,Postgrado,4.0,0
Adulto,46381.46,31.13,Sano,Mujer,Marketing,nan,3.0,0
nan,,,nan,nan,Ventas,Postgrado,3.0,0
nan,31226.91,35.47,Sano,Hombre,TI,nan,2.0,0
Adulto,,36.73,Enfermo,Mujer,RRHH,Postgrado,3.0,0
Adulto,48767.73,37.02,Enfermo,Mujer,nan,Secundario,3.0,0
Joven,66759.44,46.87,Enfermo,Mujer,Ventas,Universitario,4.0,0
Adulto,,29.32,Sano,Hombre,Ventas,Postgrado,3.0,0
Adulto,56851.3,,Sano,nan,TI,Universitario,3.0,0
Mayor,58546.51,,Sano,Hombre,RRHH,Universitario,3.0,0
nan,56715.63,41.12,Enfermo,nan,Marketing,Universitario,3.0,0
Adulto,59640.84,39.73,Sano,Mujer,Ventas,Universitario,,0
Joven,69937.29,,Sano,Mujer,RRHH,Universitario,3.0,0
Mayor,52947.82,42.61,Sano,Mujer,TI,Postgrado,4.0,0
Mayor,60635.06,43.23,nan,Hombre,Marketing,Secundario,1.0,0
Adulto,48653.96,42.78,Enfermo,Mujer,TI,Postgrado,1.0,0
nan,71601.76,40.45,Sano,nan,Ventas,nan,1.0,0
Mayor,39854.12,39.01,Sano,Mujer,RRHH,Postgrado,4.0,0
Adulto,77014.11,39.24,Sano,Hombre,nan,Postgrado,5.0,0
Adulto,49397.63,39.03,Sano,Mujer,nan,nan,1.0,0
Adulto,,45.67,Sano,Hombre,RRHH,Postgrado,5.0,0
Joven,,42.97,Sano,Mujer,nan,Universitario,2.0,0
Mayor,39784.23,25.3,Enfermo,Mujer,Marketing,nan,5.0,0
Mayor,62609.65,43.28,Enfermo,Mujer,TI,nan,3.0,0
Adulto,40210.64,,Sano,nan,nan,Secundario,4.0,0
Adulto,43307.25,39.91,nan,Mujer,nan,nan,4.0,0
Adulto,21656.89,38.06,Enfermo,nan,nan,Universitario,3.0,0
nan,43215.41,45.62,Sano,nan,RRHH,Postgrado,5.0,0
Mayor,13641.81,44.74,Sano,Hombre,nan,Postgrado,4.0,1
Mayor,26241.46,36.14,Sano,Hombre,TI,Postgrado,3.0,0
Mayor,61406.22,42.04,Sano,Mujer,nan,nan,2.0,0
Adulto,,35.14,Sano,Mujer,Marketing,Secundario,,0
Joven,56381.86,33.1,Enfermo,Mujer,Marketing,Universitario,5.0,0
Joven,35495.36,36.87,Sano,Hombre,Ventas,nan,4.0,0
Mayor,49284.33,44.31,Sano,Hombre,Marketing,Secundario,3.0,0
Adulto,49945.96,44.77,Sano,Mujer,RRHH,nan,4.0,0
Joven,32624.53,42.57,Sano,Mujer,nan,Universitario,5.0,0
Joven,,43.63,Sano,nan,RRHH,Secundario,4.0,0
Adulto,63160.43,,Sano,Mujer,Ventas,Secundario,4.0,0
nan,46685.54,36.79,Sano,Mujer,Marketing,Postgrado,4.0,0
nan,50403.29,42.16,Sano,Hombre,Ventas,Postgrado,3.0,1
Adulto,53125.74,44.0,Enfermo,Hombre,Marketing,Secundario,3.0,0
Adulto,,43.77,Enfermo,Mujer,TI,Secundario,5.0,0
nan,46292.34,45.94,Sano,Mujer,TI,nan,3.0,0
Adulto,39770.24,43.54,Sano,Hombre,Ventas,Universitario,5.0,0
Mayor,,,Sano,Mujer,RRHH,Secundario,1.0,0
nan,,45.35,Sano,nan,Ventas,Postgrado,1.0,0
Adulto,,39.87,Sano,Mujer,RRHH,nan,5.0,1
Mayor,,,Sano,nan,nan,Secundario,4.0,0
Adulto,,39.18,Sano,Mujer,RRHH,nan,3.0,0
nan,,36.28,Enfermo,nan,RRHH,Postgrado,4.0,0
Adulto,70990.33,36.62,nan,nan,Marketing,Universitario,4.0,0
Adulto,63869.51,39.28,nan,Mujer,TI,Universitario,4.0,0
Joven,50894.46,36.04,nan,Hombre,Marketing,Universitario,1.0,0
Adulto,40295.95,38.46,Sano,Mujer,Ventas,Universitario,5.0,0
nan,60473.35,,Sano,Hombre,Ventas,Postgrado,5.0,0
Adulto,55902.28,,Sano,Hombre,Ventas,Secundario,2.0,0
nan,63427.9,40.01,nan,nan,Ventas,Universitario,,0
Adulto,59527.58,35.91,Sano,Hombre,nan,Universitario,5.0,0
Mayor,65743.29,43.3,Sano,Mujer,TI,Postgrado,4.0,0
Adulto,,44.69,Enfermo,Hombre,TI,Postgrado,4.0,0
Mayor,69760.91,31.96,Sano,Mujer,nan,nan,3.0,0
nan,52963.99,,Sano,Hombre,Ventas,nan,3.0,0
nan,81128.91,36.15,Sano,Hombre,Marketing,Postgrado,4.0,0
nan,39662.18,35.3,Sano,Mujer,Ventas,nan,5.0,0
Joven,76039.46,44.15,nan,Mujer,TI,Universitario,4.0,0
Mayor,52968.66,39.03,Sano,Hombre,Ventas,Universitario,4.0,0
Adulto,40228.73,38.68,Sano,Hombre,TI,Secundario,2.0,0
nan,42741.71,,Sano,Mujer,nan,Universitario,1.0,0
Adulto,45194.79,,Sano,Hombre,RRHH,Universitario,3.0,0
Joven,56362.49,33.8,nan,Mujer,RRHH,Postgrado,1.0,0
Mayor,,40.3,Sano,Mujer,TI,Universitario,4.0,0
Mayor,41394.5,,Enfermo,Mujer,nan,Postgrado,3.0,0
Mayor,49634.68,46.8,Sano,Mujer,Ventas,Universitario,4.0,0
nan,82134.06,33.46,nan,Hombre,Marketing,Secundario,3.0,0
Joven,75913.15,24.9,Sano,Mujer,TI,Universitario,4.0,0
Mayor,56544.86,,Enfermo,Hombre,Marketing,Universitario,4.0,0
Adulto,50570.05,,nan,Mujer,RRHH,Postgrado,1.0,0
Mayor,51800.47,,Sano,Mujer,Ventas,Postgrado,1.0,0
Mayor,59202.77,,Sano,Mujer,TI,Postgrado,3.0,0
Mayor,34658.11,37.54,Enfermo,Mujer,Marketing,nan,5.0,0
nan,46139.35,44.04,Sano,nan,Marketing,Universitario,2.0,0
Adulto,24971.24,35.13,Sano,Mujer,Marketing,Secundario,4.0,0
Mayor,55988.35,42.38,Sano,Mujer,Ventas,Universitario,5.0,0
nan,59707.94,42.53,Enfermo,Mujer,Ventas,Secundario,4.0,0
Joven,42752.2,45.3,Enfermo,Mujer,nan,nan,2.0,0
nan,73609.8,53.8,Sano,nan,nan,nan,5.0,1
Mayor,31613.52,41.96,Sano,Hombre,nan,Postgrado,1.0,0
Adulto,28034.38,37.46,nan,Hombre,TI,Secundario,3.0,0
Adulto,53366.78,39.87,Sano,Mujer,Marketing,nan,5.0,0
nan,,31.15,Enfermo,Mujer,Marketing,Postgrado,4.0,0
Adulto,75258.92,36.53,Sano,nan,RRHH,Universitario,3.0,0
nan,43116.74,37.95,nan,Hombre,Ventas,Universitario,3.0,0
Joven,,37.38,Sano,Mujer,Marketing,Postgrado,,0
Adulto,49422.37,,Sano,nan,Ventas,Secundario,4.0,0
Mayor,47410.59,35.89,Sano,Mujer,nan,Universitario,3.0,0
Mayor,63254.9,45.61,Sano,nan,nan,Postgrado,5.0,1
Adulto,59784.84,,Sano,nan,Ventas,Universitario,,0
Mayor,26354.12,,Sano,Hombre,Marketing,Universitario,5.0,0
Adulto,72148.11,38.36,Sano,Mujer,Marketing,Universitario,3.0,0
nan,70701.37,,Sano,Hombre,Ventas,Universitario,4.0,0
Mayor,40616.56,44.13,nan,Mujer,Marketing,Universitario,5.0,0
Mayor,55937.05,35.66,nan,Mujer,Marketing,Secundario,5.0,0
Mayor,57410.45,36.71,Enfermo,Hombre,Marketing,Secundario,3.0,0
Mayor,53910.11,38.48,Enfermo,Mujer,nan,nan,2.0,0
nan,,,Sano,Hombre,TI,Secundario,,0
Adulto,39925.65,35.9,nan,Mujer,nan,Secundario,4.0,0
nan,49616.69,37.62,Sano,Mujer,RRHH,Secundario,4.0,0
nan,67590.94,44.37,Sano,Hombre,Marketing,Universitario,5.0,0
Mayor,,41.31,nan,Mujer,Ventas,nan,3.0,0
Mayor,44440.79,40.97,Sano,Hombre,RRHH,Postgrado,2.0,0
Mayor,61575.48,44.25,Sano,nan,TI,Postgrado,3.0,0
nan,7271.86,39.31,Sano,nan,nan,nan,3.0,0
Adulto,67231.49,41.95,Sano,Mujer,RRHH,Universitario,2.0,0
Joven,23904.29,,Sano,Mujer,RRHH,nan,4.0,0
Adulto,44563.39,,Sano,Hombre,nan,Secundario,4.0,0
Joven,33204.95,37.09,Sano,Hombre,nan,Universitario,4.0,0
Adulto,30579.78,27.81,Sano,Hombre,Ventas,Postgrado,3.0,0
Adulto,67412.4,39.33,Enfermo,Hombre,nan,Postgrado,3.0,0
Adulto,42984.48,47.11,Enfermo,Hombre,nan,Postgrado,3.0,0
Adulto,55197.56,44.63,Sano,Mujer,Ventas,Universitario,,0
Joven,49296.19,,Sano,Mujer,RRHH,Postgrado,1.0,0
Joven,57155.61,46.18,Sano,Mujer,Ventas,Postgrado,5.0,0
Mayor,51152.33,,Enfermo,nan,Marketing,Universitario,,0
Adulto,30755.12,,Sano,nan,Ventas,Secundario,5.0,0
nan,64944.0,36.91,nan,Mujer,TI,nan,5.0,0
Adulto,42593.65,38.42,nan,Mujer,TI,Universitario,,0
Mayor,,43.08,Sano,Hombre,Marketing,Universitario,4.0,0
Adulto,,46.02,Sano,nan,TI,nan,2.0,0
Adulto,,39.3,Enfermo,nan,TI,Secundario,5.0,0
Joven,62753.33,37.75,Sano,Mujer,RRHH,nan,3.0,0
Joven,44770.22,40.0,Sano,Hombre,nan,Universitario,3.0,0
Adulto,44761.13,43.01,Enfermo,Hombre,RRHH,Secundario,4.0,0
Adulto,45175.47,32.78,Enfermo,nan,RRHH,Postgrado,5.0,0
Adulto,,28.52,Sano,Mujer,Ventas,Postgrado,2.0,0
Mayor,,37.25,Sano,Mujer,Marketing,Postgrado,4.0,0
Mayor,56450.62,,Sano,Mujer,Ventas,nan,3.0,0
Adulto,65454.25,37.46,nan,Mujer,Ventas,Universitario,3.0,1
Adulto,,39.26,Sano,nan,RRHH,Postgrado,4.0,0
Mayor,,37.73,Enfermo,Mujer,nan,nan,3.0,0
nan,47054.75,47.26,Sano,Mujer,Marketing,nan,3.0,0
nan,48925.98,41.63,Sano,Hombre,TI,Postgrado,5.0,0
nan,49441.67,41.5,Sano,Hombre,RRHH,Postgrado,2.0,0
Joven,60914.44,,nan,Mujer,RRHH,Postgrado,4.0,0
nan,50779.19,34.31,nan,Mujer,RRHH,Secundario,2.0,0
Mayor,60989.6,45.2,Sano,Mujer,RRHH,Postgrado,1.0,0
Adulto,,39.62,Sano,Mujer,RRHH,nan,2.0,0
Adulto,51179.53,43.35,Enfermo,nan,RRHH,Universitario,4.0,0
Joven,20026.99,,Sano,Mujer,nan,Universitario,4.0,0
Joven,,32.23,Sano,Hombre,Ventas,Postgrado,1.0,0
Adulto,55197.33,44.09,nan,Mujer,TI,nan,1.0,0
Adulto,64970.15,41.88,Sano,Hombre,Marketing,Secundario,5.0,0
Mayor,6556.17,35.49,Sano,Mujer,TI,Postgrado,1.0,0
nan,81325.62,35.65,nan,nan,RRHH,Universitario,,0
Adulto,47906.16,45.63,Enfermo,Mujer,TI,Secundario,2.0,0
Mayor,66622.74,,nan,Hombre,Ventas,Secundario,4.0,0
Mayor,34401.41,48.21,Sano,Mujer,nan,Universitario,3.0,0
Adulto,59191.61,35.5,nan,Mujer,nan,Secundario,5.0,0
nan,34198.77,,Sano,Hombre,Ventas,Universitario,4.0,0
Adulto,40643.47,,nan,Hombre,TI,Secundario,3.0,0
Adulto,78710.47,43.02,nan,Hombre,Marketing,Postgrado,1.0,0
nan,47139.76,37.28,Enfermo,nan,TI,Postgrado,4.0,0
Mayor,53261.49,39.19,nan,Hombre,RRHH,Postgrado,4.0,0
Joven,63051.02,40.2,Sano,Mujer,TI,Postgrado,1.0,0
nan,,34.99,Sano,Mujer,Ventas,Postgrado,1.0,0
Joven,52256.28,43.7,Sano,Mujer,TI,Universitario,5.0,0
nan,55474.42,37.43,nan,nan,Ventas,nan,3.0,0
Mayor,86051.23,38.86,Sano,Mujer,Marketing,Postgrado,4.0,0
Mayor,,35.03,nan,Mujer,TI,Postgrado,,0
Adulto,,,nan,nan,Marketing,Postgrado,5.0,0
Joven,65759.82,39.04,nan,Hombre,Marketing,Secundario,5.0,0
Adulto,66582.89,52.06,Sano,Mujer,TI,Postgrado,5.0,1
Adulto,67805.45,43.92,Sano,Mujer,Ventas,Postgrado,2.0,0
Joven,59580.95,39.9,nan,Mujer,Marketing,nan,5.0,0
nan,32854.93,38.69,Enfermo,nan,Marketing,nan,3.0,0
Adulto,74501.47,40.11,Sano,Mujer,TI,Universitario,,0
Adulto,32804.82,,Sano,Hombre,nan,Postgrado,4.0,0
Adulto,54539.53,34.1,Sano,nan,TI,Universitario,1.0,1
Joven,38685.86,45.57,Enfermo,nan,TI,Universitario,5.0,0
nan,49037.92,43.58,Sano,Mujer,TI,Postgrado,,0
Adulto,54931.44,,Sano,Hombre,RRHH,Secundario,4.0,0
Adulto,,42.19,Sano,Mujer,TI,Secundario,4.0,0
Mayor,56328.81,,Sano,Mujer,Ventas,Universitario,4.0,1
Adulto,74205.67,43.36,Enfermo,Hombre,nan,Postgrado,2.0,0
Joven,56803.01,42.96,nan,Mujer,nan,Universitario,3.0,0
Joven,46337.65,38.23,Enfermo,Mujer,Ventas,Universitario,,0
Adulto,64461.31,37.13,Enfermo,Hombre,RRHH,Universitario,3.0,0
Joven,67842.06,40.51,Enfermo,Mujer,TI,Postgrado,3.0,0
nan,31585.88,47.75,Sano,Hombre,Marketing,Postgrado,3.0,0
Mayor,58961.0,33.8,nan,Mujer,Ventas,nan,3.0,0
nan,60517.59,,Sano,Hombre,TI,Postgrado,5.0,0
Adulto,,40.82,Sano,Mujer,TI,Universitario,3.0,0
Adulto,70635.6,40.25,Sano,Mujer,RRHH,Universitario,4.0,0
Adulto,47749.17,40.87,Sano,nan,RRHH,Secundario,3.0,0
Adulto,,41.22,nan,Mujer,RRHH,Postgrado,3.0,0
Mayor,47403.92,38.88,nan,Mujer,nan,Universitario,1.0,0
Adulto,50233.69,47.45,Enfermo,nan,Ventas,Secundario,3.0,0
Mayor,,32.0,Sano,Mujer,RRHH,Secundario,3.0,0
Mayor,28399.24,35.86,nan,Mujer,nan,Universitario,,0
Joven,,39.48,Sano,nan,RRHH,Universitario,3.0,0
nan,37295.58,31.78,Enfermo,Hombre,Ventas,Postgrado,3.0,0
Joven,35129.11,39.12,nan,Mujer,nan,Secundario,3.0,0
Joven,17699.15,48.31,Sano,Mujer,RRHH,nan,2.0,0
Joven,40415.57,40.1,Enfermo,Mujer,RRHH,Secundario,,0
Adulto,,41.15,Sano,Mujer,TI,Postgrado,4.0,0
Joven,,33.7,Enfermo,nan,nan,Universitario,1.0,0
nan,,36.92,Sano,Mujer,Marketing,Postgrado,1.0,0
nan,39677.74,,nan,nan,Marketing,Secundario,5.0,0
Joven,83786.54,38.41,Sano,Mujer,RRHH,nan,2.0,0
Mayor,64726.48,46.41,Sano,Hombre,Ventas,nan,5.0,0
Adulto,45127.53,42.79,nan,nan,TI,Secundario,1.0,0
Joven,12508.91,34.44,Sano,Hombre,nan,nan,5.0,0
Adulto,,41.23,Sano,Mujer,RRHH,Secundario,5.0,0
Adulto,29156.41,42.49,Sano,Mujer,Marketing,Universitario,,0
Mayor,25319.02,45.7,nan,nan,TI,Secundario,1.0,0
Mayor,,,Enfermo,Mujer,Ventas,nan,3.0,0
Mayor,86596.29,34.92,Sano,Hombre,Ventas,Universitario,3.0,1
Adulto,70764.09,35.95,Sano,Mujer,RRHH,Secundario,,0
Joven,58458.64,33.71,Sano,Mujer,TI,Universitario,3.0,0
Mayor,58921.32,38.83,Sano,Hombre,Marketing,Universitario,1.0,0
Mayor,62801.23,,Enfermo,nan,RRHH,Secundario,4.0,0
Mayor,,44.94,Enfermo,nan,nan,Postgrado,4.0,0
Adulto,54217.87,,Sano,Hombre,Ventas,Postgrado,3.0,0
Adulto,,38.4,Sano,Mujer,RRHH,Universitario,,0
Mayor,,40.76,Sano,Hombre,nan,nan,5.0,0
Adulto,,35.82,nan,Mujer,Ventas,Postgrado,3.0,0
Mayor,45789.87,50.45,Sano,Mujer,RRHH,Secundario,,0
Mayor,24605.65,31.96,Sano,nan,nan,Universitario,3.0,0
Adulto,48524.91,40.92,Sano,Mujer,RRHH,Universitario,1.0,0
Mayor,35171.13,50.12,Sano,nan,RRHH,Secundario,3.0,0
Mayor,33446.16,40.03,Sano,Hombre,RRHH,Postgrado,,0
Joven,52698.41,39.05,Enfermo,Mujer,Ventas,Universitario,5.0,0
Mayor,70880.03,38.21,nan,Mujer,Marketing,Postgrado,4.0,0
Adulto,63774.75,39.1,nan,nan,nan,Universitario,3.0,0
Mayor,26442.49,46.86,Sano,nan,RRHH,Universitario,5.0,0
Adulto,,28.94,nan,Mujer,Ventas,Universitario,3.0,0
Mayor,64111.57,47.67,nan,nan,Marketing,Universitario,5.0,0
Adulto,35262.69,32.88,Sano,Hombre,Marketing,Postgrado,5.0,0
Joven,46630.5,38.67,Sano,Mujer,Marketing,Postgrado,2.0,0
Mayor,58250.78,37.85,Sano,Hombre,Ventas,Postgrado,,0
Joven,35474.83,42.94,Sano,Hombre,RRHH,nan,3.0,0
Adulto,,32.01,Sano,Mujer,nan,Secundario,,0
Mayor,,42.31,nan,Mujer,RRHH,Universitario,,0
Mayor,,50.12,Sano,Hombre,TI,Universitario,5.0,0
Adulto,54796.73,,Sano,Mujer,nan,Universitario,4.0,0
Adulto,,40.95,Sano,Hombre,nan,Secundario,2.0,0
nan,56607.12,36.69,Sano,Hombre,Ventas,Postgrado,,0
nan,49705.43,,Sano,Hombre,nan,Universitario,4.0,0
Adulto,,40.1,Sano,Hombre,Marketing,Postgrado,2.0,0
Adulto,53358.71,36.79,Sano,Hombre,Ventas,nan,4.0,0
Mayor,70462.11,42.44,Sano,Hombre,Ventas,Secundario,3.0,0
Mayor,51878.37,49.02,Sano,nan,RRHH,nan,3.0,0
Mayor,43558.92,39.05,Enfermo,Mujer,RRHH,Postgrado,1.0,0
Joven,,43.6,nan,Mujer,TI,Universitario,4.0,0
Adulto,58149.47,,nan,Hombre,nan,Universitario,2.0,0
Joven,50732.9,35.22,Sano,Mujer,Ventas,Secundario,4.0,0
nan,50608.88,42.36,Enfermo,Hombre,TI,Secundario,3.0,0
Adulto,39470.12,,Enfermo,Mujer,Marketing,Secundario,,0
nan,40056.49,,nan,Hombre,nan,nan,4.0,0
Adulto,28960.92,38.43,Sano,Mujer,Ventas,Secundario,1.0,0
Joven,76243.65,40.0,Sano,Hombre,Marketing,Secundario,4.0,0
Joven,31342.05,33.75,Sano,Mujer,RRHH,Secundario,,0
Mayor,39606.42,,Sano,Mujer,RRHH,Universitario,3.0,0
nan,39223.89,44.41,Sano,Mujer,Marketing,Secundario,2.0,0
Joven,63423.87,37.74,Sano,Hombre,Marketing,Secundario,4.0,0
Joven,45575.75,37.65,Sano,Mujer,TI,Universitario,,0
Mayor,,41.33,Sano,Mujer,Ventas,Universitario,4.0,0
Joven,39897.64,37.82,Sano,Hombre,nan,Postgrado,4.0,0
Mayor,54184.91,39.67,Sano,Hombre,Marketing,Secundario,4.0,0
Mayor,37469.79,50.5,Sano,Hombre,TI,Secundario,1.0,0
Joven,82177.24,,Sano,Mujer,Marketing,Secundario,5.0,0
Joven,,,Enfermo,nan,TI,Secundario,2.0,1
Mayor,54647.31,36.76,Sano,Hombre,TI,Postgrado,5.0,0
Adulto,,,Sano,Mujer,RRHH,nan,4.0,0
Adulto,56206.99,,Sano,Hombre,Marketing,Universitario,4.0,0
Mayor,47220.69,36.75,Sano,Mujer,TI,Secundario,4.0,0
Mayor,48052.69,46.61,Enfermo,Mujer,nan,Secundario,,0
nan,,47.1,Sano,Mujer,TI,Secundario,4.0,0
nan,47794.97,37.0,nan,Mujer,TI,Postgrado,1.0,0
Adulto,64458.19,,Sano,nan,Ventas,Postgrado,4.0,0
Joven,83157.85,45.04,Sano,Mujer,Marketing,Universitario,4.0,1
Mayor,41637.62,36.58,Enfermo,Hombre,RRHH,nan,,0
Adulto,,43.95,nan,Mujer,nan,Secundario,4.0,0
Adulto,,30.15,Sano,Hombre,RRHH,Secundario,1.0,0
Mayor,88695.64,,Sano,Hombre,Ventas,Secundario,3.0,0
Joven,37944.88,33.94,Enfermo,Mujer,TI,nan,,0
Adulto,74586.75,43.65,Enfermo,Mujer,nan,Universitario,2.0,0
Joven,75165.51,40.07,Sano,nan,nan,Universitario,3.0,0
Adulto,41696.18,35.23,Sano,Hombre,nan,Postgrado,5.0,0
Joven,58534.75,37.96,Sano,nan,TI,Secundario,4.0,0
Joven,74425.95,43.43,Enfermo,Hombre,Ventas,Universitario,4.0,0
nan,44313.08,,Sano,Hombre,nan,nan,,0
Adulto,46946.29,42.92,nan,Mujer,Marketing,Postgrado,4.0,0
Mayor,41274.79,49.88,Sano,Mujer,Marketing,nan,3.0,0
Adulto,,32.18,nan,Hombre,RRHH,Universitario,4.0,0
Mayor,40260.84,48.09,nan,Mujer,Marketing,Secundario,1.0,0
Adulto,,40.52,Sano,Hombre,TI,Universitario,5.0,0
Adulto,50511.25,,nan,Mujer,Ventas,Postgrado,,0
nan,38450.4,33.35,Sano,Mujer,Ventas,Secundario,3.0,1
nan,53506.79,,Sano,Hombre,Ventas,Postgrado,4.0,0
nan,26661.57,44.61,Sano,Mujer,Marketing,Universitario,4.0,0
Joven,54963.2,39.36,Sano,nan,Ventas,nan,2.0,0
Mayor,62502.93,47.56,nan,Mujer,nan,Postgrado,4.0,0
Joven,20093.97,32.74,Sano,Hombre,Ventas,Postgrado,3.0,0
Mayor,55610.85,39.94,nan,Mujer,RRHH,Universitario,,0
Adulto,68415.03,,Sano,nan,RRHH,Secundario,5.0,0
Mayor,,41.82,Sano,Mujer,Marketing,nan,3.0,0
Joven,75088.59,44.43,Sano,Hombre,Ventas,Secundario,5.0,0
Adulto,56285.29,37.9,Sano,nan,Marketing,Universitario,3.0,1
Mayor,39424.82,26.98,Sano,Mujer,Ventas,Secundario,2.0,0
Adulto,49163.46,40.99,Sano,Mujer,Ventas,Postgrado,5.0,0
Adulto,58374.9,42.18,Sano,nan,Ventas,Postgrado,4.0,0
Adulto,51140.08,42.02,Sano,Hombre,Marketing,Postgrado,3.0,0
nan,,,Sano,Mujer,Marketing,nan,3.0,0
Adulto,,34.64,Sano,Hombre,Ventas,Postgrado,3.0,1
Adulto,52540.41,43.4,Sano,Mujer,TI,Postgrado,5.0,0
nan,28794.28,,Sano,Mujer,Marketing,Universitario,2.0,0
Joven,48331.61,31.11,Enfermo,Mujer,RRHH,Universitario,3.0,0
Adulto,,41.6,Enfermo,Mujer,Marketing,Universitario,3.0,0
Mayor,38967.05,37.48,Sano,Mujer,Ventas,Secundario,3.0,0
Mayor,68541.4,39.59,Sano,Hombre,nan,Secundario,3.0,0
Adulto,66369.65,,nan,Hombre,Ventas,Universitario,2.0,1
Adulto,59137.07,,Sano,Mujer,RRHH,nan,2.0,0
Adulto,33615.31,36.62,Sano,nan,Marketing,Secundario,3.0,0
nan,45253.87,40.17,Enfermo,Hombre,Marketing,nan,5.0,0
nan,,,Sano,Hombre,Ventas,Postgrado,2.0,0
Adulto,,34.57,Enfermo,nan,Ventas,nan,4.0,0
Adulto,84789.94,43.4,nan,nan,RRHH,Secundario,4.0,0
Joven,55899.77,,Sano,Mujer,TI,Universitario,5.0,0
Mayor,52880.74,43.33,Sano,Hombre,nan,nan,5.0,0
Mayor,45363.25,42.31,Sano,Mujer,TI,Postgrado,3.0,0
Adulto,52003.11,31.37,Sano,Mujer,Marketing,Secundario,2.0,0
Adulto,,36.61,Sano,Mujer,TI,Universitario,3.0,0
Adulto,60621.63,45.97,Sano,Mujer,nan,Postgrado,3.0,0
Mayor,64350.53,35.09,Enfermo,Hombre,Marketing,Postgrado,,0
nan,38210.16,37.68,Sano,Mujer,Marketing,Postgrado,4.0,0
Joven,30031.51,42.31,nan,Mujer,nan,nan,,0
Mayor,22456.92,43.92,Enfermo,Hombre,RRHH,Secundario,1.0,0
Mayor,57619.87,38.74,Sano,Hombre,Marketing,Universitario,5.0,0
Mayor,33449.5,37.01,nan,Hombre,Ventas,nan,,0
Mayor,17706.64,47.11,nan,Hombre,nan,Secundario,3.0,1
Adulto,55828.68,48.69,Enfermo,Hombre,Marketing,Postgrado,3.0,1
Adulto,87394.99,44.89,nan,Mujer,Marketing,Universitario,4.0,0
Mayor,49908.94,40.43,Sano,Mujer,TI,Postgrado,3.0,0
Mayor,62577.36,35.96,Sano,Hombre,nan,nan,,0
Joven,51227.44,35.85,Sano,nan,Marketing,Secundario,5.0,0
Joven,48516.66,42.61,nan,Hombre,RRHH,nan,,0
Adulto,,42.09,Sano,Mujer,Ventas,Secundario,1.0,0
Mayor,45645.88,47.01,Sano,Mujer,nan,Secundario,5.0,0
nan,54010.88,43.25,Enfermo,Mujer,Marketing,Postgrado,4.0,0
Joven,,,nan,Mujer,Ventas,Secundario,2.0,0
Adulto,39978.64,45.26,nan,nan,RRHH,nan,2.0,0
Adulto,64880.64,,Sano,Hombre,TI,Postgrado,2.0,0
Mayor,47375.6,38.08,Enfermo,Mujer,Marketing,Universitario,1.0,0
Mayor,38663.82,41.25,Sano,Mujer,Ventas,Secundario,4.0,0
Mayor,58047.65,49.98,nan,nan,RRHH,Secundario,5.0,0
Adulto,36522.98,55.55,Sano,Hombre,RRHH,Postgrado,3.0,0
Adulto,50422.72,,Enfermo,nan,Ventas,Secundario,4.0,0
Adulto,49863.22,39.08,Sano,Mujer,nan,Postgrado,5.0,0
Joven,66288.43,42.67,Enfermo,Mujer,RRHH,Postgrado,3.0,0
Mayor,,44.44,Enfermo,Mujer,Marketing,nan,,0
Mayor,49624.6,38.4,Sano,Hombre,RRHH,Postgrado,4.0,0
Mayor,62266.49,48.98,nan,Hombre,Ventas,Postgrado,4.0,0
Mayor,70853.11,41.15,Sano,Mujer,Marketing,Universitario,3.0,0
nan,58367.15,42.49,Sano,Mujer,Ventas,Postgrado,4.0,0
Mayor,,43.33,Enfermo,Hombre,TI,Universitario,1.0,0
Mayor,30322.46,42.11,Sano,Mujer,nan,nan,4.0,0
Mayor,34023.3,,Sano,Mujer,Ventas,Postgrado,3.0,0
Adulto,,36.91,nan,nan,Marketing,Secundario,5.0,0
Adulto,,37.21,nan,nan,RRHH,Postgrado,3.0,0
Joven,47195.43,,Enfermo,Mujer,Ventas,Universitario,2.0,0
Mayor,50849.75,,Sano,Mujer,Marketing,Universitario,4.0,0
Adulto,57945.39,43.89,Sano,Hombre,TI,Universitario,2.0,0
nan,48942.52,,Sano,Mujer,Marketing,Secundario,4.0,0
nan,57297.52,48.37,nan,nan,Marketing,Postgrado,,0
Adulto,,39.97,Sano,Hombre,RRHH,Secundario,4.0,0
nan,20368.0,43.34,Sano,nan,nan,Universitario,1.0,0
Joven,35909.97,34.54,nan,Hombre,TI,Secundario,,0
Adulto,47838.69,38.06,Sano,Mujer,Marketing,Universitario,4.0,0
Adulto,31854.58,43.48,Sano,Mujer,Ventas,nan,5.0,0
Mayor,58998.93,44.25,Sano,Mujer,Ventas,Universitario,,0
Adulto,72961.26,38.53,Sano,nan,Marketing,Postgrado,3.0,0
nan,68281.43,,Sano,Mujer,Ventas,Postgrado,4.0,0
Adulto,46798.36,32.41,Sano,nan,Marketing,Universitario,2.0,0
Adulto,72360.89,38.21,Sano,Mujer,Marketing,Secundario,3.0,0
Mayor,52230.01,44.45,Sano,Mujer,Marketing,Secundario,3.0,0
Adulto,,42.88,Sano,Mujer,TI,Postgrado,5.0,0
Joven,40798.96,42.5,Sano,Hombre,Marketing,Universitario,5.0,0
Joven,45462.95,40.25,nan,nan,RRHH,Secundario,4.0,0
Mayor,44177.35,40.04,Enfermo,Mujer,Ventas,nan,3.0,0
nan,52556.24,36.7,Sano,Mujer,TI,Secundario,3.0,0
Mayor,52408.61,43.49,Sano,Mujer,nan,nan,5.0,0
Adulto,50045.69,42.1,nan,Mujer,TI,Universitario,5.0,0
Joven,56554.07,42.46,Sano,Hombre,RRHH,Universitario,5.0,0
Joven,67859.69,37.37,nan,Mujer,nan,nan,4.0,0
Adulto,64243.31,29.23,Sano,Mujer,TI,Secundario,3.0,0
Adulto,27726.53,45.49,Sano,Mujer,TI,Secundario,5.0,0
Adulto,11691.18,37.61,Sano,Hombre,Ventas,nan,3.0,0
nan,64014.8,35.69,Sano,Mujer,Marketing,Postgrado,3.0,0
Mayor,29496.82,,nan,Mujer,Ventas,Postgrado,4.0,0
Adulto,46628.52,38.04,Sano,nan,Marketing,Secundario,1.0,0
Adulto,,45.3,Sano,Mujer,Ventas,Postgrado,1.0,0
nan,22970.29,,nan,Mujer,RRHH,Secundario,3.0,0
Adulto,58121.94,43.42,Sano,nan,RRHH,Postgrado,3.0,0
nan,61387.33,33.17,Sano,Mujer,TI,nan,5.0,0
Mayor,41352.34,46.06,Sano,Mujer,RRHH,Secundario,2.0,0
Mayor,11134.37,41.31,Sano,Mujer,TI,Postgrado,2.0,0
Joven,41806.33,38.15,Enfermo,Mujer,nan,Universitario,2.0,0
Mayor,,40.72,Sano,nan,RRHH,Postgrado,1.0,0
Adulto,,,Enfermo,nan,nan,Universitario,1.0,0
nan,52750.4,42.04,Sano,Hombre,Ventas,Universitario,4.0,0
nan,49770.35,,nan,Hombre,Marketing,Postgrado,3.0,0
Mayor,58689.37,33.24,Sano,Hombre,nan,Postgrado,4.0,0
Adulto,51793.71,32.39,Sano,Hombre,Marketing,Universitario,5.0,0
Adulto,35403.97,45.56,nan,Hombre,Marketing,Universitario,4.0,0
Adulto,67948.57,36.85,Sano,Mujer,nan,Universitario,1.0,0
nan,47622.06,47.67,Sano,Hombre,nan,nan,2.0,0
Joven,49590.43,,Enfermo,Mujer,RRHH,Universitario,5.0,0
Joven,36000.98,31.46,Sano,Mujer,RRHH,Secundario,4.0,0
Joven,43350.77,,Sano,Hombre,TI,Universitario,5.0,0
Joven,36727.96,46.18,nan,Mujer,TI,Secundario,5.0,0
Joven,47405.81,39.22,Sano,Mujer,nan,Universitario,5.0,0
Adulto,75675.63,37.26,nan,nan,Marketing,Universitario,5.0,0
Joven,29421.48,40.8,Sano,Mujer,nan,Universitario,4.0,0
Adulto,25796.58,,Enfermo,Mujer,Marketing,Postgrado,3.0,0
Mayor,72067.55,45.59,Sano,Hombre,TI,nan,5.0,0
Adulto,46860.14,47.24,Sano,Hombre,TI,Universitario,4.0,0
nan,39963.91,38.2,Sano,Mujer,Marketing,Secundario,,0
Joven,65598.57,33.37,Enfermo,Mujer,nan,Secundario,,0
Joven,40915.77,37.93,Sano,Mujer,TI,nan,4.0,0
nan,77390.15,,nan,Hombre,TI,Postgrado,5.0,0
Joven,,35.18,Sano,Mujer,Ventas,Secundario,4.0,0
Adulto,42681.33,,Sano,Mujer,TI,Postgrado,3.0,0
Joven,,41.72,Sano,Mujer,Marketing,Secundario,,0
nan,,39.76,Sano,nan,Ventas,nan,5.0,0
Joven,61131.43,40.16,Sano,Hombre,Marketing,Postgrado,4.0,0
Adulto,54489.39,36.21,nan,Mujer,RRHH,Secundario,3.0,0
nan,69526.12,38.85,Sano,Hombre,Ventas,Universitario,3.0,0
Adulto,,,Sano,Mujer,nan,nan,4.0,0
Adulto,50480.06,,Sano,Hombre,TI,Universitario,1.0,1
Adulto,,,Sano,Hombre,RRHH,Postgrado,3.0,0
Joven,56899.58,,Sano,Mujer,Marketing,Postgrado,4.0,0
Mayor,39834.27,,Sano,Mujer,nan,Universitario,3.0,0
Adulto,80200.81,32.52,Sano,Mujer,nan,Postgrado,3.0,0
Joven,52048.03,36.75,nan,nan,nan,Secundario,2.0,0
Mayor,44520.18,39.58,Enfermo,Mujer,Ventas,Universitario,3.0,0
Mayor,52770.2,32.75,Sano,Hombre,RRHH,Universitario,4.0,0
Joven,29793.11,35.39,nan,Hombre,Marketing,Postgrado,3.0,0
Adulto,35425.79,34.98,Sano,Hombre,TI,Universitario,1.0,0
Mayor,68006.21,41.04,Sano,Hombre,nan,nan,4.0,0
Mayor,40146.59,40.35,nan,nan,Marketing,Postgrado,,0
nan,34296.34,36.39,Sano,Mujer,Marketing,Postgrado,4.0,0
Adulto,58049.79,,Sano,Mujer,Marketing,Universitario,,1
nan,67785.56,37.27,nan,Hombre,Ventas,nan,,0
Adulto,60784.3,38.64,Sano,Hombre,RRHH,Universitario,5.0,0
Adulto,,48.37,Sano,Hombre,RRHH,nan,2.0,0
Adulto,38648.07,46.7,nan,Mujer,RRHH,Universitario,4.0,0
Adulto,28672.84,33.5,Sano,nan,Marketing,Secundario,3.0,0
Mayor,72520.0,44.15,nan,Hombre,RRHH,Universitario,2.0,0
Joven,,44.06,Enfermo,nan,Marketing,nan,5.0,0
Adulto,46237.5,,Sano,Mujer,Ventas,Postgrado,4.0,0
Mayor,69922.91,44.09,Sano,Hombre,TI,Universitario,4.0,1
Mayor,58343.45,,Sano,Mujer,nan,Postgrado,2.0,0
Adulto,56838.32,34.39,nan,Mujer,Marketing,Universitario,1.0,0
nan,82475.04,35.41,nan,nan,TI,nan,4.0,0
Joven,40347.23,45.09,Sano,Mujer,TI,Secundario,4.0,0
Adulto,63917.6,41.36,Sano,Hombre,Ventas,Postgrado,2.0,0
Adulto,50855.2,42.76,Sano,nan,nan,Postgrado,,0
Adulto,54028.88,,Sano,Mujer,Marketing,Universitario,1.0,0
Adulto,72927.03,41.95,Sano,nan,nan,Universitario,5.0,0
Adulto,57617.54,33.37,Sano,Hombre,Marketing,Secundario,4.0,0
Joven,58074.44,45.24,Sano,Mujer,Ventas,Universitario,5.0,1
Adulto,66087.61,45.85,Enfermo,Mujer,TI,nan,2.0,0
Adulto,,38.85,Sano,Mujer,Ventas,nan,5.0,0
Adulto,37411.85,39.78,Sano,Mujer,TI,Universitario,2.0,0
nan,34327.86,32.34,nan,Mujer,RRHH,Postgrado,4.0,0
Mayor,20504.65,42.57,Enfermo,Hombre,nan,Universitario,5.0,0
nan,80843.11,42.86,Sano,Hombre,Ventas,Secundario,3.0,0
nan,33451.87,39.69,Enfermo,Mujer,TI,Postgrado,3.0,0
Mayor,46681.2,45.62,Sano,nan,Ventas,Postgrado,2.0,0
nan,45847.8,,Sano,Hombre,TI,nan,2.0,0
Joven,54611.1,42.82,Sano,Mujer,nan,Postgrado,4.0,0
Adulto,62236.06,,Sano,nan,nan,Secundario,,0
nan,62907.1,39.88,Sano,nan,RRHH,Postgrado,4.0,0
Mayor,41253.84,39.13,Sano,Hombre,TI,Postgrado,4.0,0
Adulto,47493.17,41.13,Sano,Hombre,TI,Universitario,4.0,0
Joven,54238.7,,Sano,nan,TI,nan,1.0,0
Adulto,46269.63,39.34,Sano,Hombre,RRHH,nan,2.0,0
Adulto,74110.18,44.13,Sano,Mujer,RRHH,nan,,0
Adulto,57364.62,37.82,nan,Hombre,Marketing,Postgrado,1.0,0
Adulto,61023.17,31.97,Sano,Mujer,TI,nan,4.0,0
Adulto,59943.22,48.75,Sano,Mujer,Marketing,Universitario,2.0,0
Mayor,67602.11,46.91,Enfermo,Hombre,TI,Postgrado,4.0,0
nan,52715.32,33.54,Sano,Hombre,RRHH,nan,4.0,0
Adulto,,43.45,nan,Hombre,Marketing,nan,2.0,0
Joven,55995.32,37.49,Sano,Mujer,nan,Secundario,3.0,0
nan,40229.65,,nan,Hombre,Ventas,Universitario,4.0,0
nan,42070.75,41.47,Sano,Hombre,TI,Secundario,3.0,0
Joven,,38.83,Sano,nan,nan,Postgrado,2.0,0
Joven,,,Sano,Mujer,Ventas,Postgrado,4.0,0
Adulto,,36.55,nan,Mujer,Ventas,nan,2.0,0
Joven,54632.5,35.42,nan,Mujer,TI,Secundario,5.0,0
Mayor,,35.84,Sano,Hombre,nan,Postgrado,4.0,0
Joven,53611.3,39.66,Sano,Hombre,nan,Postgrado,2.0,0
nan,89025.25,,Enfermo,Hombre,Ventas,Postgrado,,0
Adulto,58482.64,43.41,Sano,Hombre,TI,Universitario,4.0,0
Mayor,23588.56,47.44,nan,Mujer,RRHH,nan,3.0,0
Joven,,37.1,Sano,nan,TI,Postgrado,3.0,0
Adulto,55717.38,41.2,Sano,Mujer,TI,Postgrado,3.0,0
Mayor,69346.29,42.5,Sano,Hombre,Marketing,Secundario,3.0,0
nan,60097.72,42.36,Sano,Mujer,RRHH,nan,2.0,0
Mayor,47923.16,,Sano,Hombre,RRHH,Secundario,3.0,0
Adulto,,43.71,Sano,nan,RRHH,Universitario,,0
Joven,,42.41,Sano,Mujer,Ventas,Postgrado,4.0,0
Adulto,,,Sano,nan,Marketing,nan,4.0,0
Mayor,41292.15,44.35,Sano,Mujer,RRHH,Postgrado,4.0,0
Adulto,,,Enfermo,nan,Ventas,nan,4.0,0
nan,75048.57,36.18,nan,Mujer,nan,Secundario,5.0,0
Adulto,55920.07,40.19,Sano,nan,Ventas,Secundario,4.0,0
Mayor,,,nan,Mujer,Marketing,Secundario,4.0,0
Joven,56669.04,38.95,Sano,nan,Ventas,Postgrado,3.0,0
Adulto,67949.47,45.36,Sano,Mujer,Marketing,Secundario,5.0,0
Adulto,40853.26,51.82,Sano,Mujer,nan,Postgrado,1.0,0
Adulto,47989.74,36.07,Enfermo,Mujer,Ventas,Postgrado,3.0,0
Adulto,,33.09,Enfermo,Mujer,nan,Universitario,4.0,0
Joven,38226.53,41.52,Sano,Mujer,Ventas,Secundario,1.0,0
Adulto,,43.61,Sano,Mujer,TI,Secundario,2.0,0
Adulto,,38.85,Sano,nan,TI,nan,4.0,0
Adulto,56292.99,,Sano,Hombre,Ventas,Postgrado,4.0,0
nan,36687.62,,Sano,Mujer,TI,Secundario,4.0,0
Adulto,43438.13,43.46,nan,Mujer,nan,Postgrado,5.0,0
Adulto,60835.72,36.97,nan,nan,Marketing,nan,2.0,0
Joven,44407.5,48.6,Sano,nan,Ventas,Postgrado,1.0,0
Adulto,75904.46,49.96,Sano,Hombre,Marketing,Secundario,4.0,0
Joven,44005.46,36.17,Enfermo,Mujer,Marketing,Postgrado,3.0,0
Joven,53370.27,37.25,Sano,Mujer,RRHH,Postgrado,4.0,0
nan,63988.86,44.3,Sano,Mujer,Ventas,Secundario,2.0,0
Adulto,,,Sano,Hombre,TI,Secundario,3.0,0
Mayor,23587.87,39.77,nan,Hombre,Ventas,Postgrado,4.0,0
Adulto,,40.13,Sano,Mujer,Marketing,Postgrado,,0
Adulto,,30.4,Sano,Mujer,RRHH,Universitario,4.0,0
Mayor,41722.13,39.93,Sano,Hombre,Ventas,Secundario,3.0,0
nan,,,Sano,Mujer,Ventas,nan,3.0,0
nan,41536.29,,Sano,Mujer,Marketing,Secundario,1.0,0
Adulto,,47.22,Sano,Hombre,Marketing,nan,1.0,1
Adulto,73131.65,33.72,Sano,Hombre,Ventas,Postgrado,3.0,0
Mayor,,,nan,Mujer,Marketing,Postgrado,3.0,0
Mayor,,,nan,Hombre,Marketing,Postgrado,,0
Mayor,68125.49,38.6,Sano,Hombre,Marketing,Secundario,3.0,0
Joven,65360.94,43.95,nan,Mujer,nan,nan,4.0,0
Mayor,58887.9,,Enfermo,nan,Marketing,Secundario,5.0,0
Mayor,61675.42,,Sano,Mujer,RRHH,nan,3.0,0
Joven,41732.21,44.84,Sano,Hombre,Marketing,Universitario,2.0,0
Joven,37727.02,38.34,Sano,Hombre,TI,Postgrado,2.0,0
Mayor,,36.94,Sano,Mujer,Ventas,Postgrado,4.0,0
Adulto,47447.23,34.57,Sano,Hombre,RRHH,Secundario,3.0,0
Mayor,,35.87,Sano,Mujer,RRHH,Postgrado,,1
Joven,60445.81,54.75,Enfermo,Mujer,nan,Universitario,4.0,0
nan,64329.58,46.22,Sano,Mujer,Ventas,Postgrado,2.0,0
Adulto,,33.24,nan,Mujer,TI,Postgrado,4.0,0
Joven,72162.95,33.39,Sano,Hombre,Marketing,nan,4.0,0
nan,32874.66,42.41,Sano,Mujer,Ventas,Universitario,4.0,0
nan,47095.11,,Enfermo,Hombre,Marketing,Secundario,1.0,0
Adulto,,42.74,Sano,Mujer,Marketing,Postgrado,5.0,0
nan,22001.95,38.73,Sano,Mujer,Marketing,Secundario,4.0,0
Adulto,48759.79,39.37,Sano,nan,Marketing,Secundario,2.0,0
nan,48173.79,41.64,Sano,nan,Marketing,Secundario,2.0,0
Adulto,72701.75,40.43,Sano,Mujer,Marketing,Secundario,3.0,0
Mayor,59462.18,28.9,Sano,nan,Marketing,Postgrado,5.0,0
Adulto,34637.2,38.85,Enfermo,Hombre,TI,nan,5.0,1
Adulto,77811.39,35.74,Enfermo,Mujer,RRHH,Universitario,4.0,0
Adulto,68315.51,,Sano,Mujer,TI,Secundario,5.0,0
Adulto,58731.47,54.93,Enfermo,Mujer,Marketing,Secundario,1.0,0
Mayor,46602.74,41.84,Sano,Mujer,Marketing,Universitario,1.0,0
nan,35608.41,38.43,nan,Hombre,TI,Secundario,,0
nan,44416.9,44.61,Sano,Mujer,TI,Universitario,4.0,0
nan,66331.23,42.41,Sano,Mujer,RRHH,Postgrado,3.0,0
Adulto,,42.1,Sano,Mujer,TI,Universitario,4.0,0
Adulto,73148.65,43.03,Sano,Mujer,nan,Secundario,5.0,0
Mayor,,50.28,Sano,Hombre,Marketing,Universitario,4.0,0
nan,33205.74,34.35,Sano,Mujer,Ventas,Postgrado,5.0,0
Joven,52113.29,42.37,Sano,Hombre,Ventas,Secundario,4.0,0
Mayor,23473.41,35.37,Sano,nan,Ventas,Postgrado,2.0,0
Adulto,54847.52,,Sano,Mujer,Ventas,Postgrado,5.0,0
Adulto,,,Sano,nan,Marketing,Universitario,2.0,0
Joven,,,Sano,Mujer,nan,Postgrado,5.0,0
Mayor,26079.45,38.52,Sano,nan,TI,Secundario,3.0,0
Adulto,57704.0,44.88,nan,Hombre,TI,Postgrado,4.0,0
Adulto,42009.49,44.59,Sano,Mujer,Ventas,Postgrado,3.0,0
Mayor,,,Sano,Mujer,nan,Universitario,1.0,0
Mayor,6916.07,40.27,Enfermo,Hombre,RRHH,Postgrado,3.0,0
Joven,49587.28,36.45,Sano,nan,Marketing,nan,5.0,0
Adulto,76583.77,33.71,Sano,Mujer,Ventas,nan,5.0,0
Adulto,74918.89,38.91,nan,Mujer,nan,nan,3.0,0
Mayor,,38.46,Enfermo,Mujer,Marketing,Secundario,5.0,0
Joven,40966.82,52.13,Sano,Hombre,nan,Secundario,5.0,0
Adulto,57031.61,,Sano,Mujer,nan,nan,4.0,0
Mayor,35024.22,,Sano,Mujer,Marketing,Universitario,,0
Mayor,54526.88,37.18,Sano,Hombre,TI,nan,5.0,0
Adulto,61491.2,45.11,Sano,Mujer,Marketing,Secundario,4.0,0
Mayor,68404.0,50.44,Sano,Mujer,TI,Secundario,5.0,0
Joven,48497.69,32.07,Sano,nan,TI,Secundario,5.0,0
Mayor,46944.89,30.6,Enfermo,Mujer,nan,Postgrado,,0
Joven,36830.26,,Sano,Hombre,RRHH,nan,,0
nan,37596.79,41.95,Sano,nan,TI,Postgrado,3.0,0
nan,46602.82,35.66,Enfermo,Mujer,Marketing,Universitario,3.0,0
nan,55510.48,42.67,Sano,Mujer,TI,nan,3.0,0
nan,63703.77,26.82,nan,Mujer,RRHH,Universitario,1.0,0
Mayor,37952.32,40.02,Sano,Mujer,RRHH,Postgrado,4.0,0
nan,72390.33,41.64,Enfermo,Hombre,Ventas,Secundario,4.0,0
Adulto,45933.15,44.62,Sano,Hombre,TI,nan,5.0,0
Adulto,49679.49,34.93,Sano,Mujer,TI,Secundario,2.0,0
Adulto,,40.43,Enfermo,nan,nan,Secundario,4.0,0
Adulto,13636.4,35.37,Sano,Hombre,TI,Secundario,1.0,0
Adulto,63260.68,41.28,Enfermo,Hombre,Ventas,nan,1.0,0
Joven,61052.66,35.52,Enfermo,Mujer,nan,Universitario,1.0,0
Mayor,45780.09,37.96,Sano,Mujer,RRHH,Secundario,4.0,0
Adulto,,35.02,nan,nan,Ventas,nan,1.0,1
nan,57739.09,,Sano,Hombre,TI,Postgrado,4.0,0
nan,26561.81,,Sano,nan,TI,Postgrado,2.0,0
Mayor,,38.83,Sano,Mujer,Ventas,Secundario,5.0,0
Joven,,40.19,Sano,Mujer,Marketing,Postgrado,5.0,0
nan,31185.66,32.76,Enfermo,Mujer,RRHH,Universitario,5.0,0
Adulto,,38.5,Sano,Mujer,Ventas,Secundario,5.0,0
nan,29651.27,39.75,Sano,Hombre,Ventas,Secundario,5.0,0
Joven,,,Enfermo,Mujer,TI,Universitario,5.0,1
Mayor,49465.38,34.44,Enfermo,Mujer,RRHH,Secundario,,0
Mayor,,47.32,Sano,nan,TI,Secundario,2.0,0
Adulto,,44.98,Enfermo,Mujer,Ventas,Universitario,,0
Adulto,38981.13,41.4,Sano,Mujer,nan,Secundario,2.0,0
Mayor,37846.21,,Enfermo,Mujer,RRHH,Secundario,4.0,0
Mayor,53008.54,41.86,Sano,Mujer,Ventas,Universitario,4.0,0
Joven,,41.95,Sano,Mujer,nan,Postgrado,5.0,0
nan,34762.67,39.73,Sano,Mujer,Marketing,Universitario,5.0,0
Adulto,50925.2,46.12,Sano,Mujer,Ventas,Secundario,,0
Adulto,,45.48,Sano,Hombre,Ventas,Universitario,4.0,0
Mayor,60396.58,,Sano,Hombre,RRHH,nan,5.0,0
Mayor,52646.62,33.4,Sano,nan,nan,nan,3.0,0
nan,44494.58,,Enfermo,Mujer,RRHH,Universitario,4.0,1
Adulto,37586.15,36.0,Sano,nan,TI,Secundario,2.0,0
Joven,51292.16,39.68,Sano,Mujer,Marketing,Postgrado,4.0,0
Mayor,,46.19,Sano,Hombre,RRHH,Secundario,3.0,0
Mayor,,37.71,Sano,Hombre,TI,nan,5.0,0
nan,,,Enfermo,nan,TI,Postgrado,4.0,0
Mayor,,40.29,Enfermo,nan,Marketing,Postgrado,,0
Mayor,14556.01,44.24,nan,Hombre,Marketing,Secundario,2.0,1
Adulto,34854.04,28.77,Sano,Mujer,Ventas,Universitario,3.0,1
Adulto,59287.31,36.97,Sano,Mujer,nan,nan,5.0,0
nan,80862.43,41.06,Sano,Mujer,RRHH,Secundario,4.0,1
Joven,50311.91,46.0,nan,Mujer,Marketing,Universitario,3.0,1
Adulto,39079.96,37.54,Sano,Hombre,TI,Universitario,3.0,0
Mayor,47256.55,30.62,Sano,nan,nan,Secundario,4.0,0
Joven,,43.1,Sano,Hombre,TI,Postgrado,4.0,0
Adulto,40310.54,36.82,Sano,Mujer,Marketing,Secundario,4.0,0
Adulto,38012.12,34.05,Enfermo,Mujer,nan,nan,3.0,0
nan,42758.85,36.88,nan,Mujer,TI,Secundario,4.0,0
Mayor,,39.08,Sano,Mujer,RRHH,Universitario,4.0,0
Adulto,51840.05,,Sano,Mujer,Marketing,Postgrado,5.0,1
Adulto,74370.18,28.97,Sano,Hombre,nan,nan,5.0,0
Mayor,54846.19,44.49,nan,Hombre,RRHH,Universitario,4.0,0
Adulto,46214.7,46.37,Sano,Mujer,RRHH,Universitario,4.0,0
Adulto,45622.83,43.26,Sano,Hombre,RRHH,Universitario,3.0,0
Adulto,26552.14,34.31,Sano,Mujer,nan,Universitario,5.0,0
Joven,63246.65,,Sano,Mujer,Marketing,Secundario,3.0,0
Joven,48832.44,,Sano,Hombre,RRHH,Postgrado,3.0,0
nan,47292.8,42.99,nan,Mujer,TI,Secundario,3.0,0
Adulto,97896.61,43.34,nan,Hombre,Marketing,Secundario,5.0,0
Mayor,54481.29,36.33,Sano,Hombre,Marketing,Secundario,2.0,0
Adulto,38723.13,40.41,Sano,Mujer,TI,Universitario,,0
Adulto,,42.29,Sano,Hombre,TI,Secundario,3.0,0
nan,67226.69,47.28,nan,Mujer,RRHH,Postgrado,1.0,0
Joven,51699.06,,nan,Mujer,Marketing,Secundario,2.0,0
Adulto,28425.83,43.95,Sano,Mujer,Ventas,Universitario,5.0,0
Joven,,40.42,Sano,nan,TI,Postgrado,5.0,0
Mayor,,47.05,Sano,Hombre,nan,Postgrado,3.0,0
Joven,78099.47,42.05,Sano,Mujer,Marketing,Postgrado,5.0,0
Adulto,66200.72,,Sano,Hombre,nan,Postgrado,4.0,0
Joven,43290.17,47.02,nan,Mujer,Ventas,Secundario,3.0,0
Mayor,,43.49,Enfermo,nan,RRHH,Universitario,4.0,0
Adulto,,37.78,Sano,Hombre,Ventas,Postgrado,5.0,0
Adulto,62791.61,37.6,nan,Mujer,Ventas,Postgrado,3.0,0
Joven,,41.48,nan,nan,TI,Universitario,2.0,1
Mayor,37304.65,,Sano,nan,Marketing,Secundario,5.0,1
Adulto,40346.75,40.99,Sano,nan,Marketing,Postgrado,4.0,0
Mayor,,41.56,Sano,Mujer,Marketing,Secundario,,0
Adulto,44978.37,48.5,Enfermo,Hombre,Ventas,Secundario,4.0,0
Joven,43945.27,45.36,Sano,Mujer,Marketing,Secundario,4.0,0
nan,35673.16,,Enfermo,Mujer,TI,Secundario,,0
Adulto,56353.99,44.71,Sano,Hombre,Ventas,Postgrado,4.0,0
Adulto,,,nan,Mujer,nan,Postgrado,3.0,0
nan,33987.01,41.99,Sano,Hombre,Ventas,Secundario,4.0,0
Mayor,,49.05,Sano,Mujer,Ventas,Secundario,4.0,0
nan,71183.31,,Sano,Mujer,nan,Universitario,2.0,0
Adulto,48805.38,35.76,Sano,Hombre,nan,Universitario,4.0,0
Adulto,56785.58,36.74,Sano,Mujer,TI,Universitario,5.0,0
Adulto,34064.1,,Enfermo,Hombre,Marketing,Postgrado,1.0,0
Adulto,56424.61,36.08,Enfermo,Mujer,TI,Universitario,4.0,0
nan,47192.84,38.15,nan,Mujer,RRHH,nan,3.0,0
Joven,64785.95,32.97,nan,Mujer,RRHH,Postgrado,3.0,0
Mayor,67810.79,40.08,Sano,Mujer,RRHH,Postgrado,3.0,0
nan,,44.51,Sano,Hombre,nan,Postgrado,3.0,0
Adulto,,35.46,Sano,Mujer,Ventas,Universitario,5.0,0
nan,54886.94,47.6,Sano,Hombre,Ventas,Secundario,3.0,0
Adulto,52915.76,42.55,Sano,Hombre,TI,Secundario,4.0,0
Adulto,44702.51,45.15,Sano,Mujer,TI,Secundario,1.0,0
Joven,55077.26,36.71,Enfermo,nan,RRHH,Universitario,5.0,0
Joven,,44.27,Sano,Hombre,Marketing,Secundario,4.0,0
Mayor,52526.91,34.54,Enfermo,Hombre,RRHH,Universitario,4.0,0
Adulto,69763.96,,nan,Mujer,TI,Universitario,3.0,0
Joven,,40.86,Sano,Mujer,RRHH,Universitario,3.0,0
Adulto,67098.18,42.77,Sano,nan,TI,Secundario,2.0,0
Adulto,,34.12,Sano,nan,nan,Secundario,5.0,0
Adulto,48228.97,35.52,Sano,Mujer,Marketing,Secundario,3.0,0
Joven,18172.18,42.99,nan,nan,RRHH,Postgrado,,0
Joven,40882.67,35.26,Sano,Mujer,Marketing,Universitario,4.0,1
Mayor,69454.92,42.32,nan,nan,nan,Postgrado,3.0,0
nan,49656.98,33.16,nan,Mujer,TI,Universitario,4.0,0
Adulto,,,Sano,Mujer,Marketing,Secundario,,0
nan,42428.38,,Sano,Mujer,Ventas,Universitario,4.0,0
nan,62609.3,42.76,Sano,nan,Ventas,Universitario,3.0,0
Adulto,,43.13,Sano,Mujer,Ventas,nan,3.0,0
Mayor,46416.02,36.52,Sano,Mujer,TI,Universitario,2.0,1
Mayor,44497.63,42.91,Enfermo,nan,Ventas,Secundario,5.0,0
Mayor,44123.63,,Sano,Hombre,nan,Universitario,4.0,0
Adulto,36163.85,37.31,Sano,Mujer,TI,Universitario,3.0,0
Adulto,74230.64,34.96,Sano,Mujer,Ventas,Universitario,5.0,0
Adulto,45165.19,30.19,Sano,Mujer,nan,Postgrado,1.0,0
Adulto,68257.38,41.75,Sano,nan,nan,Universitario,5.0,0
Mayor,72819.74,32.18,Sano,Mujer,TI,Universitario,5.0,0
nan,64974.66,,Sano,Hombre,Ventas,Postgrado,5.0,0
Joven,,,Sano,Hombre,TI,Postgrado,5.0,0
nan,,43.4,Sano,Hombre,Marketing,Postgrado,3.0,0
Joven,,38.49,Sano,Mujer,Marketing,Postgrado,2.0,0
Joven,36444.47,,Sano,Hombre,nan,Secundario,4.0,0
nan,54865.39,43.66,Enfermo,Mujer,TI,Secundario,3.0,0
nan,32314.4,41.68,Sano,Mujer,RRHH,Universitario,2.0,0
Mayor,67815.19,41.58,Sano,Hombre,RRHH,Secundario,4.0,0
Mayor,43030.74,42.35,nan,Mujer,TI,nan,,0
Adulto,53017.39,32.32,Sano,Hombre,TI,nan,5.0,0
Adulto,54249.32,43.78,Enfermo,Mujer,TI,Postgrado,5.0,0
Adulto,46116.43,43.06,Sano,Hombre,Ventas,Postgrado,5.0,0
nan,,,Enfermo,Mujer,Marketing,Secundario,4.0,0
Adulto,42876.45,,Enfermo,Mujer,RRHH,nan,5.0,0
Adulto,63069.46,39.8,nan,Mujer,Ventas,nan,,0
Adulto,29810.3,39.33,Sano,Hombre,TI,Universitario,4.0,0
Adulto,51895.69,41.67,Sano,Mujer,TI,nan,3.0,0
Adulto,79083.93,47.16,Enfermo,Mujer,nan,Postgrado,,0
Adulto,34995.03,45.41,Sano,Mujer,TI,Postgrado,5.0,0
Mayor,,33.44,Sano,Hombre,Ventas,Postgrado,3.0,0
Mayor,57708.62,43.11,Sano,Mujer,Ventas,Postgrado,1.0,0
Joven,52693.73,46.64,Sano,Mujer,nan,nan,4.0,0
Mayor,55259.45,,Sano,Mujer,Ventas,Postgrado,1.0,0
Adulto,57337.81,45.45,Sano,Mujer,RRHH,nan,5.0,0
Mayor,59520.82,50.06,Enfermo,Mujer,nan,Postgrado,5.0,0
Mayor,66645.5,45.12,Enfermo,Mujer,Ventas,Postgrado,2.0,0
Adulto,56147.28,,Enfermo,nan,Ventas,Secundario,4.0,0
Joven,46381.14,,nan,Mujer,RRHH,nan,1.0,0
Adulto,60088.61,40.72,Sano,Mujer,TI,nan,4.0,0
Adulto,78498.23,,Sano,Mujer,Ventas,Postgrado,3.0,0
Adulto,48010.49,38.24,Sano,nan,Marketing,nan,4.0,0
Adulto,35382.06,47.82,Sano,nan,RRHH,nan,3.0,0
Joven,66606.21,35.91,Sano,Hombre,Marketing,Universitario,2.0,0
Mayor,48194.28,,Sano,Mujer,nan,nan,3.0,0
Mayor,17409.96,42.5,Enfermo,nan,Marketing,Postgrado,2.0,1
Adulto,62711.33,33.0,Sano,Mujer,Ventas,nan,,0
Joven,41970.08,41.84,Sano,Mujer,RRHH,Universitario,1.0,0
Adulto,48642.0,29.5,nan,Mujer,nan,Secundario,4.0,0
nan,54979.7,43.13,Sano,Hombre,Marketing,Universitario,5.0,0
Mayor,52857.5,44.43,Sano,nan,Ventas,Universitario,5.0,0
Joven,60641.78,37.04,nan,Hombre,Ventas,nan,,0
Adulto,43467.7,40.62,Enfermo,Mujer,TI,Universitario,5.0,0
Adulto,,49.77,Enfermo,Hombre,Ventas,Postgrado,2.0,0
Adulto,,37.47,Enfermo,Mujer,Ventas,nan,2.0,0
Adulto,61082.16,34.71,Sano,Mujer,TI,Universitario,4.0,0
Mayor,59230.51,47.41,Sano,Hombre,Ventas,Universitario,5.0,0
Adulto,35968.42,,Sano,nan,Ventas,nan,5.0,0
Joven,66289.73,,Sano,Mujer,TI,Postgrado,1.0,0
Joven,,45.06,Sano,nan,RRHH,Secundario,3.0,0
Mayor,62120.87,46.71,Sano,nan,RRHH,Universitario,2.0,1
Mayor,55509.31,36.29,nan,Hombre,Ventas,Secundario,4.0,0
Adulto,,,Sano,nan,Ventas,Postgrado,4.0,0
Adulto,46648.01,46.15,Sano,nan,TI,Universitario,2.0,0
Adulto,,48.43,Sano,Mujer,TI,Secundario,3.0,0
Joven,,42.81,Sano,Mujer,RRHH,Secundario,4.0,1
Mayor,45452.3,35.6,Sano,Hombre,Marketing,Postgrado,4.0,0
Adulto,61999.13,49.94,Sano,nan,Ventas,Secundario,1.0,0
Adulto,25755.34,37.35,Sano,nan,Marketing,Postgrado,5.0,0
Adulto,34194.76,38.32,Sano,nan,Marketing,Universitario,4.0,0
Joven,33982.96,41.71,Sano,Hombre,TI,Universitario,5.0,0
Joven,64254.61,47.77,Sano,Hombre,Ventas,Secundario,5.0,0
Mayor,75659.2,44.27,nan,nan,Ventas,nan,,0
Joven,,,nan,Mujer,TI,nan,2.0,0
Adulto,47467.67,42.32,Sano,Hombre,Marketing,Secundario,4.0,0
Adulto,,40.22,Sano,Mujer,TI,Universitario,2.0,0
nan,67428.17,42.79,Sano,Mujer,RRHH,Secundario,5.0,0
Adulto,36089.7,27.35,Sano,Mujer,Ventas,Postgrado,4.0,0
nan,,38.52,Sano,Mujer,RRHH,Postgrado,5.0,0
Mayor,64627.96,,Sano,Mujer,nan,nan,3.0,0
Adulto,57516.41,,Sano,Hombre,Ventas,Secundario,3.0,0
Adulto,52843.72,41.93,nan,Mujer,RRHH,Secundario,4.0,0
nan,,38.98,Sano,Hombre,RRHH,Universitario,1.0,0
Adulto,9451.52,48.78,Sano,Mujer,Marketing,Universitario,4.0,0
Mayor,60168.13,,Sano,Mujer,nan,Universitario,5.0,0
nan,40188.86,37.67,nan,Mujer,RRHH,Universitario,3.0,0
nan,22540.51,39.25,nan,nan,RRHH,nan,4.0,0
Joven,57668.04,39.63,Sano,Mujer,Marketing,Secundario,2.0,0
Adulto,70604.88,37.74,Sano,Mujer,RRHH,Secundario,3.0,0
Adulto,47938.27,,Sano,Mujer,RRHH,Postgrado,5.0,0
nan,64293.12,36.21,Sano,Mujer,RRHH,nan,5.0,0
Adulto,74184.17,34.35,Sano,Mujer,Marketing,Postgrado,4.0,0
Adulto,69723.72,43.11,nan,nan,RRHH,nan,5.0,0
Adulto,74599.47,43.15,nan,Mujer,RRHH,Secundario,4.0,1
Mayor,61131.91,35.98,Sano,Hombre,nan,Secundario,3.0,0
Joven,51131.5,44.48,Sano,Hombre,Ventas,Secundario,3.0,1
Joven,25970.51,36.84,nan,Hombre,Marketing,Universitario,5.0,0
Mayor,46309.06,,Sano,Mujer,TI,nan,2.0,0
Adulto,,44.1,Sano,Hombre,nan,Postgrado,4.0,0
Adulto,82564.14,39.83,Sano,Hombre,Marketing,Universitario,4.0,1
nan,,42.27,Enfermo,Hombre,RRHH,Secundario,4.0,0
Adulto,51848.07,37.42,Sano,Mujer,RRHH,Postgrado,3.0,1
Mayor,58272.28,39.02,nan,Hombre,Marketing,Postgrado,3.0,0
Mayor,50654.04,,Enfermo,Hombre,nan,nan,2.0,0
Adulto,75425.77,36.27,nan,Mujer,RRHH,Postgrado,4.0,0
Adulto,,39.12,Enfermo,Hombre,TI,Universitario,4.0,0
Adulto,52919.11,32.26,Sano,Mujer,RRHH,Universitario,4.0,0
nan,,,Enfermo,Mujer,Ventas,Postgrado,4.0,0
Joven,,,Sano,Mujer,RRHH,Universitario,2.0,0
nan,40823.46,38.72,Sano,Hombre,Marketing,Universitario,5.0,0
Joven,49444.45,38.79,Enfermo,Mujer,TI,Universitario,4.0,0
nan,43560.47,39.69,nan,Mujer,RRHH,Universitario,,0
Adulto,39613.69,,Sano,nan,Marketing,Postgrado,3.0,0
